NUM_ID,NAME,KCAL,PERCENT
1,ข้าวกะเพราไก่ไข่ดาว,620,31.0
2,ข้าวกะเพราหมูไข่ดาว,650,32.5
3,ข้าวกะเพราเนื้อไข่ดาว,690,34.5
4,ข้าวกะเพรากุ้งไข่ดาว,640,32.0
5,ข้าวกะเพราปลาหมึกไข่ดาว,520,26.0
6,ข้าวกะเพราเต้าหู้ไข่ดาว,520,26.0
7,ข้าวกะเพราไก่,520,26.0
8,ข้าวกะเพราหมู,520,26.0
9,ข้าวกะเพราเนื้อ,520,26.0
10,ข้าวกะเพรากุ้ง,520,26.0
11,ข้าวกะเพราปลาหมึก,520,26.0
12,ข้าวผัดหมู,520,26.0
13,ข้าวผัดไก่,520,26.0
14,ข้าวผัดกุ้ง,590,29.5
15,ข้าวผัดปู,520,26.0
16,ข้าวผัดทะเล,520,26.0
17,ข้าวผัดแหนม,520,26.0
18,ข้าวผัดกุนเชียง,520,26.0
19,ข้าวผัดอเมริกัน,760,38.0
20,ข้าวผัดสับปะรด,520,26.0
21,ข้าวผัดต้มยำ,520,26.0
22,ข้าวผัดน้ำพริกลงเรือ,520,26.0
23,ข้าวผัดปลาทู,520,26.0
24,ข้าวผัดไข่,520,26.0
25,ข้าวผัดคะน้าปลาเค็ม,520,26.0
26,ข้าวหมูกระเทียม,520,26.0
27,ข้าวไก่กระเทียม,520,26.0
28,ข้าวเนื้อกระเทียม,520,26.0
29,ข้าวกุ้งกระเทียม,520,26.0
30,ข้าวหมูทอด,520,26.0
31,ข้าวไก่ทอด,520,26.0
32,ข้าวคอหมูย่าง,520,26.0
33,ข้าวหมูแดง,520,26.0
34,ข้าวหมูกรอบ,610,30.5
35,ข้าวขาหมู,700,35.0
36,ข้าวมันไก่,600,30.0
37,ข้าวมันไก่ทอด,720,36.0
38,ข้าวมันหมูแดง,520,26.0
39,ข้าวหน้าเป็ด,520,26.0
40,ข้าวหน้าไก่,520,26.0
41,ข้าวหน้าเนื้อ,520,26.0
42,ข้าวหมูตุ๋น,520,26.0
43,ข้าวเนื้อตุ๋น,520,26.0
44,ข้าวหมูย่าง,520,26.0
45,ข้าวไก่ย่าง,520,26.0
46,ข้าวปลาเผา,520,26.0
47,ข้าวปลาทอด,520,26.0
48,ข้าวไข่เจียวหมูสับ,680,34.0
49,ข้าวไข่เจียวกุ้ง,520,26.0
50,ข้าวไข่ข้นกุ้ง,520,26.0
51,ข้าวไข่ข้นแฮม,520,26.0
52,ข้าวไข่ข้นปู,520,26.0
53,ข้าวไข่ดาว,520,26.0
54,ข้าวไข่ต้ม,520,26.0
55,ข้าวต้มหมู,520,26.0
56,ข้าวต้มไก่,520,26.0
57,ข้าวต้มกุ้ง,520,26.0
58,ข้าวต้มปลา,300,15.0
59,ข้าวต้มทะเล,520,26.0
60,โจ๊กหมู,300,15.0
61,โจ๊กไก่,520,26.0
62,โจ๊กกุ้ง,520,26.0
63,โจ๊กปลา,520,26.0
64,โจ๊กไข่,520,26.0
65,โจ๊กหมูใส่ไข่,380,19.0
66,โจ๊กไก่ใส่ไข่,520,26.0
67,ข้าวแกงกะหรี่ไก่,520,26.0
68,ข้าวแกงกะหรี่หมู,520,26.0
69,ข้าวแกงกะหรี่เนื้อ,520,26.0
70,ข้าวแกงกะหรี่กุ้ง,520,26.0
71,ข้าวแกงเขียวหวานไก่,520,26.0
72,ข้าวแกงเขียวหวานเนื้อ,520,26.0
73,ข้าวแกงเขียวหวานลูกชิ้นปลา,520,26.0
74,ข้าวพะแนงหมู,520,26.0
75,ข้าวพะแนงไก่,520,26.0
76,ข้าวพะแนงเนื้อ,520,26.0
77,ข้าวมัสมั่นไก่,520,26.0
78,ข้าวมัสมั่นเนื้อ,520,26.0
79,ข้าวน้ำตกหมู,520,26.0
80,ข้าวน้ำตกเนื้อ,520,26.0
81,ข้าวลาบหมู,520,26.0
82,ข้าวลาบไก่,520,26.0
83,ข้าวลาบเนื้อ,520,26.0
84,ข้าวลาบปลา,520,26.0
85,ข้าวคั่วกลิ้งหมู,520,26.0
86,ข้าวคั่วกลิ้งไก่,520,26.0
87,ข้าวคั่วกลิ้งเนื้อ,520,26.0
88,ข้าวผัดพริกแกงหมู,520,26.0
89,ข้าวผัดพริกแกงไก่,520,26.0
90,ข้าวผัดพริกแกงกุ้ง,520,26.0
91,ข้าวผัดพริกแกงปลาหมึก,520,26.0
92,ข้าวผัดพริกเผาหมู,520,26.0
93,ข้าวผัดพริกเผาไก่,520,26.0
94,ข้าวผัดพริกเผากุ้ง,520,26.0
95,ข้าวผัดพริกเผาปลาหมึก,520,26.0
96,ผัดไทยกุ้ง,450,22.5
97,ผัดไทยไก่,450,22.5
98,ผัดไทยหมู,450,22.5
99,ผัดไทยเต้าหู้,450,22.5
100,ผัดซีอิ๊วหมู,450,22.5
101,ผัดซีอิ๊วไก่,450,22.5
102,ผัดซีอิ๊วกุ้ง,450,22.5
103,ผัดซีอิ๊วทะเล,450,22.5
104,ราดหน้าหมู,450,22.5
105,ราดหน้าไก่,450,22.5
106,ราดหน้ากุ้ง,450,22.5
107,ราดหน้าทะเล,450,22.5
108,ราดหน้าปลา,450,22.5
109,ก๋วยเตี๋ยวหมูน้ำใส,450,22.5
110,ก๋วยเตี๋ยวเนื้อน้ำใส,450,22.5
111,ก๋วยเตี๋ยวไก่น้ำใส,450,22.5
112,ก๋วยเตี๋ยวลูกชิ้นปลา,450,22.5
113,ก๋วยเตี๋ยวต้มยำหมู,450,22.5
114,ก๋วยเตี๋ยวต้มยำทะเล,450,22.5
115,ก๋วยเตี๋ยวเรือหมู,450,22.5
116,ก๋วยเตี๋ยวเรือเนื้อ,450,22.5
117,ก๋วยเตี๋ยวเย็นตาโฟ,450,22.5
118,เย็นตาโฟทะเล,450,22.5
119,ก๋วยเตี๋ยวคั่วไก่,450,22.5
120,ก๋วยเตี๋ยวคั่วทะเล,450,22.5
121,บะหมี่หมูแดง,450,22.5
122,บะหมี่เกี๊ยวหมูแดง,450,22.5
123,บะหมี่เกี๊ยวกุ้ง,450,22.5
124,บะหมี่แห้งหมู,450,22.5
125,บะหมี่แห้งไก่,450,22.5
126,บะหมี่แห้งทะเล,450,22.5
127,บะหมี่น้ำหมู,450,22.5
128,บะหมี่น้ำไก่,450,22.5
129,บะหมี่น้ำเกี๊ยวกุ้ง,450,22.5
130,หมี่กรอบราดหน้า,450,22.5
131,หมี่ผัดกระเฉดกุ้ง,450,22.5
132,หมี่ผัดกระเฉดทะเล,450,22.5
133,สุกี้น้ำหมู,450,22.5
134,สุกี้น้ำไก่,450,22.5
135,สุกี้น้ำทะเล,450,22.5
136,สุกี้แห้งหมู,450,22.5
137,สุกี้แห้งไก่,450,22.5
138,สุกี้แห้งทะเล,450,22.5
139,ก๋วยจั๊บน้ำข้น,450,22.5
140,ก๋วยจั๊บน้ำใส,450,22.5
141,ก๋วยจั๊บญวน,450,22.5
142,ขนมจีนน้ำยา,450,22.5
143,ขนมจีนน้ำเงี้ยว,450,22.5
144,ขนมจีนน้ำยาป่า,450,22.5
145,ขนมจีนน้ำยากะทิ,450,22.5
146,ขนมจีนแกงเขียวหวาน,450,22.5
147,ขนมจีนซาวน้ำ,450,22.5
148,ขนมจีนแกงไตปลา,450,22.5
149,ผัดมาม่าหมู,450,22.5
150,ผัดมาม่าไก่,450,22.5
151,ผัดมาม่าทะเล,450,22.5
152,มาม่าต้มยำหมู,450,22.5
153,มาม่าต้มยำกุ้ง,450,22.5
154,มาม่าต้มยำทะเล,450,22.5
155,มาม่าต้มยำไข่,450,22.5
156,ยำมาม่าหมูสับ,450,22.5
157,ยำมาม่าทะเล,450,22.5
158,ต้มยำกุ้ง,280,14.0
159,ต้มยำไก่,280,14.0
160,ต้มยำทะเล,280,14.0
161,ต้มยำปลากะพง,280,14.0
162,ต้มข่าไก่,280,14.0
163,ต้มข่าเห็ด,280,14.0
164,ต้มจืดเต้าหู้หมูสับ,280,14.0
165,ต้มจืดสาหร่ายเต้าหู้,280,14.0
166,ต้มจืดวุ้นเส้นหมูสับ,280,14.0
167,แกงจืดไข่น้ำ,280,14.0
168,แกงจืดตำลึงหมูสับ,280,14.0
169,แกงเลียง,280,14.0
170,แกงส้มชะอมไข่,280,14.0
171,แกงส้มผักรวมกุ้ง,280,14.0
172,แกงส้มปลาช่อน,280,14.0
173,แกงป่าไก่,280,14.0
174,แกงป่าหมู,280,14.0
175,แกงป่าเนื้อ,280,14.0
176,แกงป่าปลา,280,14.0
177,แกงเผ็ดเป็ดย่าง,280,14.0
178,แกงเผ็ดไก่,280,14.0
179,แกงเผ็ดหมู,280,14.0
180,แกงเผ็ดเนื้อ,280,14.0
181,แกงกะหรี่หมู,280,14.0
182,แกงกะหรี่ไก่,280,14.0
183,พะแนงหมู,280,14.0
184,พะแนงไก่,280,14.0
185,พะแนงเนื้อ,280,14.0
186,มัสมั่นไก่,280,14.0
187,มัสมั่นเนื้อ,280,14.0
188,แกงฮังเล,280,14.0
189,แกงโฮะ,280,14.0
190,แกงไตปลา,280,14.0
191,แกงเหลืองปลา,280,14.0
192,แกงคั่วหอยขม,280,14.0
193,แกงคั่วสับปะรดหมู,280,14.0
194,แกงคั่วกล้วยดิบ,280,14.0
195,น้ำตกหมู,280,14.0
196,น้ำตกเนื้อ,280,14.0
197,ลาบหมู,280,14.0
198,ลาบไก่,280,14.0
199,ลาบเนื้อ,280,14.0
200,ลาบปลา,280,14.0
201,ลาบเห็ด,280,14.0
202,ส้มตำไทย,280,14.0
203,ส้มตำปู,280,14.0
204,ส้มตำปลาร้า,280,14.0
205,ส้มตำไข่เค็ม,280,14.0
206,ส้มตำผลไม้,280,14.0
207,ส้มตำข้าวโพด,280,14.0
208,ส้มตำแตง,280,14.0
209,ยำวุ้นเส้น,280,14.0
210,ยำทะเล,280,14.0
211,ยำหมูยอ,280,14.0
212,ยำไข่ดาว,280,14.0
213,ยำไข่เค็ม,280,14.0
214,ยำปลากระป๋อง,280,14.0
215,ยำทูน่า,280,14.0
216,ยำขนมจีน,280,14.0
217,ยำถั่วพู,280,14.0
218,ยำมะม่วง,280,14.0
219,ยำมะเขือยาว,280,14.0
220,ยำคอหมูย่าง,280,14.0
221,พล่ากุ้ง,280,14.0
222,พล่าหมู,280,14.0
223,พล่าปลา,280,14.0
224,เมี่ยงคำ,280,14.0
225,เมี่ยงปลาทู,280,14.0
226,น้ำพริกกะปิผักสด,280,14.0
227,น้ำพริกอ่องผักสด,280,14.0
228,น้ำพริกหนุ่มผักสด,280,14.0
229,น้ำพริกปลาทูผักสด,280,14.0
230,หลนเต้าเจี้ยว,280,14.0
231,หลนปู,280,14.0
232,หลนปลาเค็ม,280,14.0
233,ผัดผักรวมมิตร,280,14.0
234,ผัดคะน้าหมูกรอบ,280,14.0
235,ผัดคะน้าปลาเค็ม,280,14.0
236,ผัดผักบุ้งไฟแดง,280,14.0
237,ผัดผักบุ้งหมูกรอบ,280,14.0
238,ผัดกะหล่ำปลีน้ำปลา,280,14.0
239,ผัดถั่วงอกเต้าหู้,280,14.0
240,ผัดถั่วแขกหมูสับ,280,14.0
241,ผัดบรอกโคลีไก่,280,14.0
242,ผัดบรอกโคลีหมู,280,14.0
243,ผัดบรอกโคลีกุ้ง,280,14.0
244,ผัดเห็ดรวม,280,14.0
245,ผัดเห็ดออรินจิไก่,280,14.0
246,ผัดเห็ดรวมกุ้ง,280,14.0
247,ผัดหน่อไม้หมู,280,14.0
248,ผัดหน่อไม้ไก่,280,14.0
249,ผัดพริกขิงหมูกรอบ,280,14.0
250,ไข่พะโล้,280,14.0
251,ไข่ลูกเขย,280,14.0
252,ไข่ตุ๋น,280,14.0
253,ไข่เจียว,280,14.0
254,ไข่ดาว,280,14.0
255,ไข่ต้ม,280,14.0
256,ปลาทอดราดพริก,280,14.0
257,ปลาสามรส,280,14.0
258,ปลานึ่งมะนาว,280,14.0
259,ปลานึ่งซีอิ๊ว,280,14.0
260,ปลากะพงทอดน้ำปลา,280,14.0
261,ปลากะพงนึ่งมะนาว,280,14.0
262,ปลาทับทิมเผาเกลือ,280,14.0
263,ปลาทับทิมนึ่งมะนาว,280,14.0
264,กุ้งอบวุ้นเส้น,280,14.0
265,กุ้งผัดพริกเกลือ,280,14.0
266,กุ้งผัดกระเทียม,280,14.0
267,กุ้งทอดกระเทียม,280,14.0
268,ปลาหมึกผัดไข่เค็ม,280,14.0
269,ปลาหมึกผัดพริกเผา,280,14.0
270,ปลาหมึกนึ่งมะนาว,280,14.0
271,สปาเกตตีคาโบนารา,550,27.5
272,สปาเกตตีโบโลเนส,550,27.5
273,สปาเกตตีซอสมะเขือเทศ,550,27.5
274,สปาเกตตีผัดขี้เมา,550,27.5
275,สปาเกตตีผัดขี้เมาทะเล,550,27.5
276,สปาเกตตีผัดพริกแห้งเบคอน,550,27.5
277,มักกะโรนีผัดไก่,550,27.5
278,มักกะโรนีอบชีส,550,27.5
279,ลาซานญ่าเนื้อ,550,27.5
280,ลาซานญ่าผัก,550,27.5
281,พิซซ่าฮาวายเอียน 2 ชิ้น,550,27.5
282,พิซซ่าซีฟู้ด 2 ชิ้น,550,27.5
283,พิซซ่าชีส 2 ชิ้น,550,27.5
284,พิซซ่าเปปเปอโรนี 2 ชิ้น,550,27.5
285,พิซซ่าเห็ด 2 ชิ้น,550,27.5
286,เบอร์เกอร์เนื้อ,550,27.5
287,เบอร์เกอร์ไก่,550,27.5
288,เบอร์เกอร์ปลา,550,27.5
289,ชีสเบอร์เกอร์,550,27.5
290,ดับเบิลชีสเบอร์เกอร์,550,27.5
291,เบอร์เกอร์หมู,550,27.5
292,ไก่ทอด 2 ชิ้น,550,27.5
293,ไก่ทอด 3 ชิ้น,550,27.5
294,ไก่ย่างสมุนไพร,550,27.5
295,ไก่เทอริยากิ,550,27.5
296,ไก่คัตสึ,550,27.5
297,หมูทอดทงคัตสึ,550,27.5
298,ข้าวแกงกะหรี่หมูญี่ปุ่น,550,27.5
299,ข้าวแกงกะหรี่ไก่ญี่ปุ่น,550,27.5
300,ข้าวหน้าหมูทอด,550,27.5
301,ข้าวหน้าไก่เทอริยากิ,550,27.5
302,ข้าวหน้าปลาแซลมอน,550,27.5
303,ข้าวหน้าปลาดิบรวม,550,27.5
304,ซูชิแซลมอน 4 คำ,550,27.5
305,ซูชิทูน่า 4 คำ,550,27.5
306,ซูชิไข่หวาน 4 คำ,550,27.5
307,ซูชิปลาหมึก 4 คำ,550,27.5
308,ซูชิกุ้ง 4 คำ,550,27.5
309,ซูชิแคลิฟอร์เนีย 4 คำ,550,27.5
310,ราเมนหมูชาชู,550,27.5
311,ราเมนไก่,550,27.5
312,ราเมนทะเล,550,27.5
313,อุด้งหมู,550,27.5
314,อุด้งเนื้อ,550,27.5
315,อุด้งเทมปุระ,550,27.5
316,ยากิโซบะ,550,27.5
317,ข้าวผัดญี่ปุ่น,550,27.5
318,โอโคโนมิยากิ,550,27.5
319,ทาโกะยากิ 6 ลูก,550,27.5
320,เกี๊ยวซ่าหมู 6 ชิ้น,550,27.5
321,เกี๊ยวซ่าไก่ 6 ชิ้น,550,27.5
322,ข้าวผัดกิมจิ,550,27.5
323,บิบิมบับ,550,27.5
324,ต๊อกบกกี,550,27.5
325,ไก่ทอดเกาหลี,550,27.5
326,ซุปกิมจิ,550,27.5
327,หมูผัดกิมจิ,550,27.5
328,ข้าวมันแกงกะหรี่อินเดีย,550,27.5
329,ไก่ทิกก้ามาซาลา,550,27.5
330,แกงถั่วอินเดีย,550,27.5
331,นานกระเทียม,550,27.5
332,นานธรรมดา,550,27.5
333,ข้าวหมกไก่,550,27.5
334,ข้าวหมกเนื้อ,550,27.5
335,เคบับไก่,550,27.5
336,เคบับเนื้อ,550,27.5
337,ชวาร์มาไก่,550,27.5
338,ชวาร์มาเนื้อ,550,27.5
339,แซนด์วิชแฮมชีส,300,15.0
340,แซนด์วิชทูน่า,300,15.0
341,แซนด์วิชไก่,300,15.0
342,แซนด์วิชไข่,300,15.0
343,แซนด์วิชผัก,300,15.0
344,แซนด์วิชไข่ทูน่า,300,15.0
345,แซนด์วิชแฮมไข่,300,15.0
346,ครัวซองต์แฮมชีส,300,15.0
347,ครัวซองต์เนย,300,15.0
348,ขนมปังโฮลวีต 2 แผ่น,300,15.0
349,ขนมปังขาว 2 แผ่น,300,15.0
350,ขนมปังธัญพืช 2 แผ่น,300,15.0
351,ไข่กระทะ,300,15.0
352,ไข่คนกับขนมปัง,300,15.0
353,ไข่ดาวกับขนมปัง,300,15.0
354,แพนเค้ก 3 ชิ้น,300,15.0
355,วาฟเฟิล 2 ชิ้น,300,15.0
356,เฟรนช์โทสต์ 2 ชิ้น,300,15.0
357,ซีเรียลกับนม,300,15.0
358,กราโนลากับโยเกิร์ต,300,15.0
359,ข้าวโอ๊ตต้มใส่นม,300,15.0
360,ข้าวโอ๊ตกล้วยหอม,300,15.0
361,โยเกิร์ตผลไม้,300,15.0
362,โยเกิร์ตกรีกกับน้ำผึ้ง,300,15.0
363,สลัดผักทูน่า,300,15.0
364,สลัดไก่ย่าง,300,15.0
365,สลัดไข่,300,15.0
366,สลัดกุ้ง,300,15.0
367,สลัดแซลมอน,300,15.0
368,สลัดเต้าหู้,300,15.0
369,ปอเปี๊ยะทอด 3 ชิ้น,250,12.5
370,ปอเปี๊ยะสด 3 ชิ้น,250,12.5
371,เกี๊ยวทอด 5 ชิ้น,250,12.5
372,เกี๊ยวนึ่งหมู 6 ชิ้น,250,12.5
373,ขนมจีบหมู 4 ชิ้น,250,12.5
374,ขนมจีบกุ้ง 4 ชิ้น,250,12.5
375,ซาลาเปาหมูสับ,250,12.5
376,ซาลาเปาหมูแดง,250,12.5
377,ซาลาเปาครีม,250,12.5
378,ซาลาเปาถั่วดำ,250,12.5
379,ลูกชิ้นหมูปิ้ง 5 ไม้,250,12.5
380,ลูกชิ้นเนื้อปิ้ง 5 ไม้,250,12.5
381,ลูกชิ้นปลาปิ้ง 5 ไม้,250,12.5
382,ไส้กรอกอีสาน 3 ลูก,250,12.5
383,ไส้กรอกไก่ 2 ชิ้น,250,12.5
384,ไส้กรอกชีส 2 ชิ้น,250,12.5
385,หมูปิ้ง 3 ไม้,250,12.5
386,ไก่ปิ้ง 3 ไม้,250,12.5
387,เนื้อย่าง 3 ไม้,250,12.5
388,หมูสะเต๊ะ 5 ไม้,250,12.5
389,ไก่สะเต๊ะ 5 ไม้,250,12.5
390,ข้าวเหนียวหมูปิ้ง,250,12.5
391,ข้าวเหนียวไก่ย่าง,250,12.5
392,ข้าวเหนียวหมูทอด,250,12.5
393,ข้าวเหนียวไก่ทอด,250,12.5
394,ข้าวโพดต้ม 1 ฝัก,250,12.5
395,มันหวานญี่ปุ่นนึ่ง 1 หัว,250,12.5
396,มันเทศนึ่ง 1 หัว,250,12.5
397,เผือกนึ่ง 1 หัว,250,12.5
398,ถั่วแระญี่ปุ่น 1 ถ้วย,250,12.5
399,ถั่วลิสงคั่ว 30 กรัม,250,12.5
400,อัลมอนด์ 30 กรัม,250,12.5
401,เม็ดมะม่วงหิมพานต์ 30 กรัม,250,12.5
402,พิสตาชิโอ 30 กรัม,250,12.5
403,วอลนัต 30 กรัม,250,12.5
404,เมล็ดฟักทอง 30 กรัม,250,12.5
405,ป๊อปคอร์นไม่ใส่เนย 3 ถ้วย,250,12.5
406,มันฝรั่งทอด 1 ถุงเล็ก,250,12.5
407,มันฝรั่งทอดรสชีส 1 ถุงเล็ก,250,12.5
408,ข้าวเกรียบกุ้ง 1 ถุงเล็ก,250,12.5
409,สาหร่ายทอด 1 ห่อ,250,12.5
410,ปลาเส้น 1 ห่อ,250,12.5
411,ปลาหมึกแห้ง 30 กรัม,250,12.5
412,หมูแผ่น 30 กรัม,250,12.5
413,ไก่หยอง 30 กรัม,250,12.5
414,ทาโร่ปลาเส้น 1 ห่อ,250,12.5
415,ข้าวแต๋น 2 ชิ้น,250,12.5
416,ข้าวเกรียบว่าว 2 ชิ้น,250,12.5
417,บัวลอย,300,15.0
418,บัวลอยไข่หวาน,300,15.0
419,บัวลอยเผือก,300,15.0
420,บัวลอยงาดำน้ำขิง,300,15.0
421,ลอดช่องน้ำกะทิ,300,15.0
422,ลอดช่องสิงคโปร์,300,15.0
423,ทับทิมกรอบ,300,15.0
424,รวมมิตร,300,15.0
425,ซาหริ่ม,300,15.0
426,สลิ่มน้ำกะทิ,300,15.0
427,กล้วยบวชชี,300,15.0
428,มันบวช,300,15.0
429,ฟักทองแกงบวด,300,15.0
430,เผือกบวช,300,15.0
431,ข้าวเหนียวมะม่วง,300,15.0
432,ข้าวเหนียวทุเรียน,300,15.0
433,ข้าวเหนียวเปียกลำไย,300,15.0
434,ข้าวเหนียวเปียกข้าวโพด,300,15.0
435,สาคูเปียกข้าวโพด,300,15.0
436,สาคูเปียกลำไย,300,15.0
437,ขนมถ้วย 2 ถ้วย,300,15.0
438,ขนมครก 5 คู่,300,15.0
439,ขนมชั้น 2 ชิ้น,300,15.0
440,ขนมตาล 2 ชิ้น,300,15.0
441,ขนมกล้วย 2 ชิ้น,300,15.0
442,ขนมมัน 2 ชิ้น,300,15.0
443,ขนมฟักทอง 2 ชิ้น,300,15.0
444,ขนมใส่ไส้ 2 ชิ้น,300,15.0
445,ขนมต้ม 4 ลูก,300,15.0
446,ขนมเทียน 2 ชิ้น,300,15.0
447,ขนมจาก 2 ชิ้น,300,15.0
448,ขนมหม้อแกง 1 ชิ้น,300,15.0
449,ทองหยิบ 3 ดอก,300,15.0
450,ทองหยอด 5 ลูก,300,15.0
451,ฝอยทอง 1 แพ,300,15.0
452,เม็ดขนุน 5 ลูก,300,15.0
453,จ่ามงกุฎ 2 ชิ้น,300,15.0
454,เสน่ห์จันทน์ 2 ลูก,300,15.0
455,ขนมเปียกปูน 2 ชิ้น,300,15.0
456,วุ้นกะทิ 2 ชิ้น,300,15.0
457,วุ้นมะพร้าว 2 ชิ้น,300,15.0
458,เฉาก๊วยนมสด,300,15.0
459,เฉาก๊วยน้ำเชื่อม,300,15.0
460,ไอศกรีมวานิลลา 2 ลูก,300,15.0
461,ไอศกรีมช็อกโกแลต 2 ลูก,300,15.0
462,ไอศกรีมสตรอว์เบอร์รี 2 ลูก,300,15.0
463,ไอศกรีมชาเขียว 2 ลูก,300,15.0
464,ไอศกรีมกะทิ 2 ลูก,300,15.0
465,ไอศกรีมมะม่วง 2 ลูก,300,15.0
466,ซันเดย์ช็อกโกแลต,300,15.0
467,ซันเดย์คาราเมล,300,15.0
468,บิงซูนม 1 ถ้วย,300,15.0
469,บิงซูสตรอว์เบอร์รี 1 ถ้วย,300,15.0
470,บิงซูมะม่วง 1 ถ้วย,300,15.0
471,เครปกล้วยช็อกโกแลต,300,15.0
472,เครปสตรอว์เบอร์รี,300,15.0
473,แพนเค้กกล้วยหอม,300,15.0
474,บราวนี่ 1 ชิ้น,300,15.0
475,เค้กช็อกโกแลต 1 ชิ้น,300,15.0
476,เค้กวานิลลา 1 ชิ้น,300,15.0
477,เค้กสตรอว์เบอร์รี 1 ชิ้น,300,15.0
478,ชีสเค้ก 1 ชิ้น,300,15.0
479,เค้กแครอท 1 ชิ้น,300,15.0
480,เค้กกล้วยหอม 1 ชิ้น,300,15.0
481,เค้กมะพร้าว 1 ชิ้น,300,15.0
482,เค้กชาไทย 1 ชิ้น,300,15.0
483,โรลเค้ก 1 ชิ้น,300,15.0
484,ช็อกโกแลต 30 กรัม,300,15.0
485,ช็อกโกแลตนม 30 กรัม,300,15.0
486,ดาร์กช็อกโกแลต 30 กรัม,300,15.0
487,เยลลี่ผลไม้ 1 ถ้วย,300,15.0
488,มาร์ชเมลโลว์ 30 กรัม,300,15.0
489,คุกกี้ช็อกโกแลตชิป 2 ชิ้น,300,15.0
490,คุกกี้เนย 2 ชิ้น,300,15.0
491,คุกกี้ข้าวโอ๊ต 2 ชิ้น,300,15.0
492,โดนัทน้ำตาล 1 ชิ้น,300,15.0
493,โดนัทช็อกโกแลต 1 ชิ้น,300,15.0
494,โดนัทสตรอว์เบอร์รี 1 ชิ้น,300,15.0
495,ครัวซองต์ช็อกโกแลต 1 ชิ้น,300,15.0
496,พายแอปเปิล 1 ชิ้น,300,15.0
497,พายไก่ 1 ชิ้น,300,15.0
498,ทาร์ตไข่ 2 ชิ้น,300,15.0
499,มัฟฟินบลูเบอร์รี 1 ชิ้น,300,15.0
500,มัฟฟินช็อกโกแลต 1 ชิ้น,300,15.0
501,น้ำเปล่า 1 แก้ว,120,6.0
502,นมสด 1 แก้ว,120,6.0
503,นมจืดพร่องมันเนย 1 แก้ว,120,6.0
504,นมจืดขาดมันเนย 1 แก้ว,120,6.0
505,นมช็อกโกแลต 1 แก้ว,120,6.0
506,นมสตรอว์เบอร์รี 1 แก้ว,120,6.0
507,นมกล้วย 1 แก้ว,120,6.0
508,นมถั่วเหลือง 1 แก้ว,120,6.0
509,นมอัลมอนด์ 1 แก้ว,120,6.0
510,นมข้าวโอ๊ต 1 แก้ว,120,6.0
511,นมมะพร้าว 1 แก้ว,120,6.0
512,โยเกิร์ตดื่มรสธรรมชาติ,120,6.0
513,โยเกิร์ตดื่มรสสตรอว์เบอร์รี,120,6.0
514,โยเกิร์ตดื่มรสเบอร์รี,120,6.0
515,น้ำเต้าหู้ไม่หวาน,120,6.0
516,น้ำเต้าหู้ใส่น้ำตาล,120,6.0
517,น้ำเต้าหู้ใส่เครื่อง,120,6.0
518,ชาเขียวไม่หวาน,120,6.0
519,ชาเขียวใส่น้ำผึ้ง,120,6.0
520,ชาเขียวนม,120,6.0
521,ชาไทยเย็น,120,6.0
522,ชาไทยร้อน,120,6.0
523,ชามะนาว,120,6.0
524,ชาดำเย็น,120,6.0
525,ชานมไข่มุก,120,6.0
526,ชานมไต้หวัน,120,6.0
527,ชานมเผือก,120,6.0
528,ชานมโกโก้,120,6.0
529,ชานมบราวน์ชูการ์,120,6.0
530,ชาเขียวมัทฉะลาเต้,120,6.0
531,มัทฉะไม่หวาน,120,6.0
532,กาแฟดำร้อน,120,6.0
533,กาแฟดำเย็น,120,6.0
534,อเมริกาโน่ไม่หวาน,120,6.0
535,ลาเต้ร้อน,120,6.0
536,ลาเต้เย็น,120,6.0
537,คาปูชิโน่ร้อน,120,6.0
538,คาปูชิโน่เย็น,120,6.0
539,มอคค่าร้อน,120,6.0
540,มอคค่าเย็น,120,6.0
541,เอสเพรสโซ่ 2 ช็อต,120,6.0
542,กาแฟเย็นใส่นม,120,6.0
543,กาแฟโบราณ,120,6.0
544,โอเลี้ยง,120,6.0
545,โกโก้ร้อน,120,6.0
546,โกโก้เย็น,120,6.0
547,นมโกโก้ปั่น,120,6.0
548,น้ำส้มคั้น,120,6.0
549,น้ำแอปเปิล,120,6.0
550,น้ำองุ่น,120,6.0
551,น้ำสับปะรด,120,6.0
552,น้ำแตงโม,120,6.0
553,น้ำมะพร้าว,120,6.0
554,น้ำมะพร้าวนมสด,120,6.0
555,น้ำมะนาว,120,6.0
556,น้ำกระเจี๊ยบ,120,6.0
557,น้ำเก๊กฮวย,120,6.0
558,น้ำอัญชันมะนาว,120,6.0
559,น้ำใบเตย,120,6.0
560,น้ำตะไคร้,120,6.0
561,น้ำขิง,120,6.0
562,น้ำบ๊วย,120,6.0
563,น้ำลำไย,120,6.0
564,น้ำมะตูม,120,6.0
565,น้ำทับทิม,120,6.0
566,น้ำแครอท,120,6.0
567,น้ำมะเขือเทศ,120,6.0
568,สมูทตีสตรอว์เบอร์รี,120,6.0
569,สมูทตีมะม่วง,120,6.0
570,สมูทตีกล้วย,120,6.0
571,สมูทตีเบอร์รี,120,6.0
572,สมูทตีอะโวคาโด,120,6.0
573,สมูทตีแตงโม,120,6.0
574,สมูทตีสับปะรด,120,6.0
575,ช็อกโกแลตมิลค์เชก,120,6.0
576,วานิลลามิลค์เชก,120,6.0
577,สตรอว์เบอร์รีมิลค์เชก,120,6.0
578,กล้วยมิลค์เชก,120,6.0
579,นมปั่นโอรีโอ,120,6.0
580,โซดามะนาว,120,6.0
581,โซดาลิ้นจี่,120,6.0
582,โซดาสตรอว์เบอร์รี,120,6.0
583,น้ำอัดลมโคล่า,120,6.0
584,น้ำอัดลมส้ม,120,6.0
585,น้ำอัดลมมะนาว,120,6.0
586,เครื่องดื่มเกลือแร่ 1 ขวด,120,6.0
587,กล้วยหอม 1 ผล,105,5.25
588,กล้วยน้ำว้า 1 ผล,60,3.0
589,แอปเปิล 1 ผล,95,4.75
590,ส้ม 1 ผล,60,3.0
591,ส้มโอ 3 กลีบ,70,3.5
592,มะม่วงสุก 1/2 ผล,100,5.0
593,มะม่วงดิบ 1/2 ผล,70,3.5
594,แตงโม 2 ถ้วย,90,4.5
595,สับปะรด 1 ถ้วย,80,4.0
596,ฝรั่ง 1 ผล,120,6.0
597,ชมพู่ 3 ผล,60,3.0
598,แก้วมังกร 1/2 ผล,70,3.5
599,กีวี 1 ผล,45,2.25
600,องุ่น 1 ถ้วย,105,5.25
601,สตรอว์เบอร์รี 1 ถ้วย,50,2.5
602,บลูเบอร์รี 1 ถ้วย,85,4.25
603,ราสป์เบอร์รี 1 ถ้วย,65,3.25
604,แบล็กเบอร์รี 1 ถ้วย,60,3.0
605,เชอร์รี 1 ถ้วย,90,4.5
606,ลูกแพร์ 1 ผล,100,5.0
607,พีช 1 ผล,60,3.0
608,เนคทารีน 1 ผล,65,3.25
609,พลัม 2 ผล,60,3.0
610,มะละกอสุก 1 ถ้วย,60,3.0
611,แคนตาลูป 1 ถ้วย,55,2.75
612,เมลอน 1 ถ้วย,55,2.75
613,สาลี่ 1 ผล,100,5.0
614,ลิ้นจี่ 10 ลูก,65,3.25
615,เงาะ 10 ลูก,70,3.5
616,ลองกอง 10 ลูก,75,3.75
617,ลำไย 15 ลูก,90,4.5
618,มังคุด 5 ลูก,75,3.75
619,ทุเรียน 2 เม็ด,130,6.5
620,ขนุน 8 ชิ้น,100,5.0
621,สละ 5 ผล,75,3.75
622,เสาวรส 3 ผล,50,2.5
623,อะโวคาโด 1/2 ผล,160,8.0
624,มะพร้าวอ่อน 1 ลูก,140,7.0
625,ลูกพลับ 1 ผล,120,6.0
626,ทับทิม 1 ผล,145,7.25
627,ส้มเขียวหวาน 2 ผล,80,4.0
628,มะเฟือง 1 ผล,35,1.75
629,มะขามหวาน 5 ฝัก,120,6.0
630,อินทผลัม 3 ผล,70,3.5
631,ลูกเกด 30 กรัม,90,4.5
632,แครนเบอร์รีอบแห้ง 30 กรัม,100,5.0
633,แอปริคอตแห้ง 30 กรัม,70,3.5
634,มะเดื่อแห้ง 3 ลูก,65,3.25
635,ข้าวสวย 1 ทัพพี,150,7.5
636,ข้าวกล้อง 1 ทัพพี,150,7.5
637,ข้าวไรซ์เบอร์รี 1 ทัพพี,150,7.5
638,ข้าวเหนียว 1 ห่อเล็ก,150,7.5
639,ข้าวโพดหวาน 1 ฝัก,150,7.5
640,มันฝรั่งต้ม 1 หัว,150,7.5
641,มันฝรั่งอบ 1 หัว,150,7.5
642,มันหวานอบ 1 หัว,150,7.5
643,ไข่ต้ม 1 ฟอง,150,7.5
644,ไข่ลวก 1 ฟอง,150,7.5
645,ไข่ตุ๋น 1 ถ้วย,150,7.5
646,เต้าหู้ขาว 1 ก้อนเล็ก,150,7.5
647,เต้าหู้ทอด 4 ชิ้น,150,7.5
648,เต้าหู้ไข่ทอด 1 หลอด,150,7.5
649,อกไก่ย่าง 100 กรัม,150,7.5
650,อกไก่นึ่ง 100 กรัม,150,7.5
651,ปลาแซลมอนย่าง 100 กรัม,150,7.5
652,ปลาทูน่าย่าง 100 กรัม,150,7.5
653,ปลากะพงนึ่ง 100 กรัม,150,7.5
654,กุ้งลวก 100 กรัม,150,7.5
655,ปลาหมึกย่าง 100 กรัม,150,7.5
656,หมูสันในย่าง 100 กรัม,150,7.5
657,เนื้อวัวไม่ติดมันย่าง 100 กรัม,150,7.5
658,เต้าหู้ทรงเครื่อง,150,7.5
659,เห็ดเข็มทองย่าง,150,7.5
660,บรอกโคลีนึ่ง 1 ถ้วย,150,7.5
661,แครอทนึ่ง 1 ถ้วย,150,7.5
662,ฟักทองนึ่ง 1 ถ้วย,150,7.5
663,ข้าวโพดอ่อนผัด 1 จาน,150,7.5
